"room,bed,bathroom,small,location,shower,good,staff,rooms,floor,air,clean,nice,could,night",Room Specifications
"staff,hotel,room,great,friendly,helpful,location,stay,lovely,excellent,would,nothing,comfortable,really,clean",Staff
"location,hotel,station,good,room,london,tube,close,great,staff,walk,breakfast,clean,park,friendly",Location of Hotel
"room,hotel,staff,check,one,reception,time,booking,would,night,day,get,asked,told,booked",Booking
"breakfast,room,good,staff,bar,coffee,location,nice,food,tea,service,great,comfortable,friendly,restaurant",Food
"hotel,location,metro,close,good,great,nice,walk,staff,paris,station,restaurants,city,area,helpful",Hotel Surrounding
